province_state,country_region,date,latitude,longitude,location_geom,confirmed,deaths,recovered,active,fips,admin2,combined_key
Ohio,US,2020-08-04,40.0543329,-84.22871271,POINT(-84.22871271 40.0543329),107,14,0,0,39109,Miami,"Miami, Ohio, US"
Florida,US,2020-08-04,25.6112362,-80.55170587,POINT(-80.55170587 25.6112362),5354,49,0,0,12086,Miami-Dade,"Miami-Dade, Florida, US"
Florida,US,2020-08-04,26.64676272,-80.46536002,POINT(-80.46536002 26.64676272),1206,69,0,0,12099,Palm Beach,"Palm Beach, Florida, US"
Georgia,US,2020-08-04,31.22483255,-84.19381821,POINT(-84.19381821 31.22483255),108,11,0,0,13205,Mitchell,"Mitchell, Georgia, US"
Maryland,US,2020-08-04,39.13676329,-77.20358245,POINT(-77.20358245 39.13676329),1088,26,0,0,24031,Montgomery,"Montgomery, Maryland, US"
Michigan,US,2020-08-04,42.66090111,-83.38595416,POINT(-83.38595416 42.66090111),4007,234,0,0,26125,Oakland,"Oakland, Michigan, US"
New York,US,2020-08-04,43.14638895,-77.69322942,POINT(-77.69322942 43.14638895),651,34,0,0,36055,Monroe,"Monroe, New York, US"
New York,US,2020-08-04,40.74066522,-73.58941873,POINT(-73.58941873 40.74066522),18548,500,0,0,36059,Nassau,"Nassau, New York, US"
New York,US,2020-08-04,40.7672726,-73.97152637,POINT(-73.97152637 40.7672726),81803,4571,0,0,36061,New York City,"New York City, New York, US"
New York,US,2020-08-04,41.40337468,-74.30240757,POINT(-74.30240757 41.40337468),4075,107,0,0,36071,Orange,"Orange, New York, US"
Oklahoma,US,2020-08-04,35.55140095,-97.40716948,POINT(-97.40716948 35.55140095),317,15,0,0,40109,Oklahoma,"Oklahoma, Oklahoma, US"
Louisiana,US,2020-08-04,30.06971951,-89.92660315,POINT(-89.92660315 30.06971951),5070,208,0,0,22071,Orleans,"Orleans, Louisiana, US"
Wisconsin,US,2020-08-04,43.00486062,-87.96733172,POINT(-87.96733172 43.00486062),1416,56,0,0,55079,Milwaukee,"Milwaukee, Wisconsin, US"
New Jersey,US,2020-08-04,40.28047017,-74.70479631,POINT(-74.70479631 40.28047017),992,28,0,0,34021,Mercer,"Mercer, New Jersey, US"
New Jersey,US,2020-08-04,40.43629879,-74.41426991,POINT(-74.41426991 40.43629879),4156,139,0,0,34023,Middlesex,"Middlesex, New Jersey, US"
New Jersey,US,2020-08-04,40.26549699,-74.22240686,POINT(-74.22240686 40.26549699),3038,86,0,0,34025,Monmouth,"Monmouth, New Jersey, US"
New Jersey,US,2020-08-04,40.86095313,-74.5455371,POINT(-74.5455371 40.86095313),2468,102,0,0,34027,Morris,"Morris, New Jersey, US"
New Jersey,US,2020-08-04,39.8895449,-74.28089251,POINT(-74.28089251 39.8895449),2856,101,0,0,34029,Ocean,"Ocean, New Jersey, US"
New Jersey,US,2020-08-04,41.03238628,-74.29954144,POINT(-74.29954144 41.03238628),4372,71,0,0,34031,Passaic,"Passaic, New Jersey, US"
Connecticut,US,2020-08-04,41.4080325,-72.93620426,POINT(-72.93620426 41.4080325),1664,60,0,0,9009,New Haven,"New Haven, Connecticut, US"
Pennsylvania,US,2020-08-04,40.21053671,-75.36652296,POINT(-75.36652296 40.21053671),1521,37,0,0,42091,Montgomery,"Montgomery, Pennsylvania, US"
Pennsylvania,US,2020-08-04,40.00338507,-75.1379271,POINT(-75.1379271 40.00338507),4777,87,0,0,42101,Philadelphia,"Philadelphia, Pennsylvania, US"
Massachusetts,US,2020-08-04,42.48607732,-71.39049229,POINT(-71.39049229 42.48607732),3545,80,0,0,25017,Middlesex,"Middlesex, Massachusetts, US"
Massachusetts,US,2020-08-04,42.16073095,-71.20530408,POINT(-71.20530408 42.16073095),1778,41,0,0,25021,Norfolk,"Norfolk, Massachusetts, US"
Massachusetts,US,2020-08-04,41.94070556,-70.80802823,POINT(-70.80802823 41.94070556),1327,33,0,0,25023,Plymouth,"Plymouth, Massachusetts, US"
Iowa,US,2020-08-04,41.03299766,-95.61920963,POINT(-95.61920963 41.03299766),1,0,0,0,19129,Mills,"Mills, Iowa, US"
Iowa,US,2020-08-04,43.35638371,-92.78887719,POINT(-92.78887719 43.35638371),2,0,0,0,19131,Mitchell,"Mitchell, Iowa, US"
Iowa,US,2020-08-04,42.05220391,-95.95743843,POINT(-95.95743843 42.05220391),6,0,0,0,19133,Monona,"Monona, Iowa, US"
Iowa,US,2020-08-04,41.03018714,-95.15642896,POINT(-95.15642896 41.03018714),1,0,0,0,19137,Montgomery,"Montgomery, Iowa, US"
Iowa,US,2020-08-04,43.08310673,-95.62474482,POINT(-95.62474482 43.08310673),3,0,0,0,19141,O'Brien,"O'Brien, Iowa, US"
Iowa,US,2020-08-04,40.7393172,-95.1497813,POINT(-95.1497813 40.7393172),3,0,0,0,19145,Page,"Page, Iowa, US"
Iowa,US,2020-08-04,42.737633,-96.21366621,POINT(-96.21366621 42.737633),4,0,0,0,19149,Plymouth,"Plymouth, Iowa, US"
Iowa,US,2020-08-04,41.33640314,-95.53907776,POINT(-95.53907776 41.33640314),11,0,0,0,19155,Pottawattamie,"Pottawattamie, Iowa, US"
Ohio,US,2020-08-04,39.09224872,-82.0305041,POINT(-82.0305041 39.09224872),1,0,0,0,39105,Meigs,"Meigs, Ohio, US"
Ohio,US,2020-08-04,39.72984936,-81.08464734,POINT(-81.08464734 39.72984936),2,0,0,0,39111,Monroe,"Monroe, Ohio, US"
Ohio,US,2020-08-04,39.62081738,-81.85308173,POINT(-81.85308173 39.62081738),2,0,0,0,39115,Morgan,"Morgan, Ohio, US"
Ohio,US,2020-08-04,40.5236356,-82.7892599,POINT(-82.7892599 40.5236356),6,0,0,0,39117,Morrow,"Morrow, Ohio, US"
Ohio,US,2020-08-04,39.96575964,-81.94363275,POINT(-81.94363275 39.96575964),6,0,0,0,39119,Muskingum,"Muskingum, Ohio, US"
Ohio,US,2020-08-04,41.53781826,-83.0940185,POINT(-83.0940185 41.53781826),6,0,0,0,39123,Ottawa,"Ottawa, Ohio, US"
Ohio,US,2020-08-04,41.11676341,-84.5801017,POINT(-84.5801017 41.11676341),2,0,0,0,39125,Paulding,"Paulding, Ohio, US"
Ohio,US,2020-08-04,39.73508655,-82.23804971,POINT(-82.23804971 39.73508655),6,0,0,0,39127,Perry,"Perry, Ohio, US"
Ohio,US,2020-08-04,39.64170392,-83.0243386,POINT(-83.0243386 39.64170392),35,0,0,0,39129,Pickaway,"Pickaway, Ohio, US"
Ohio,US,2020-08-04,39.07634001,-83.06769584,POINT(-83.06769584 39.07634001),1,0,0,0,39131,Pike,"Pike, Ohio, US"
Ohio,US,2020-08-04,39.7420247,-84.64787018,POINT(-84.64787018 39.7420247),8,0,0,0,39135,Preble,"Preble, Ohio, US"
Ohio,US,2020-08-04,41.02094889,-84.1336111,POINT(-84.1336111 41.02094889),0,0,0,0,39137,Putnam,"Putnam, Ohio, US"
Ohio,US,2020-08-04,40.77180308,-82.5379961,POINT(-82.5379961 40.77180308),25,0,0,0,39139,Richland,"Richland, Ohio, US"
Idaho,US,2020-08-04,42.85518524,-113.6357257,POINT(-113.6357257 42.85518524),3,0,0,0,16067,Minidoka,"Minidoka, Idaho, US"
Idaho,US,2020-08-04,42.58016894,-116.1693871,POINT(-116.1693871 42.58016894),2,0,0,0,16073,Owyhee,"Owyhee, Idaho, US"
Idaho,US,2020-08-04,42.69254894,-112.8395742,POINT(-112.8395742 42.69254894),2,0,0,0,16077,Power,"Power, Idaho, US"
Maine,US,2020-08-04,44.49952995,-70.75682123,POINT(-70.75682123 44.49952995),12,0,0,0,23017,Oxford,"Oxford, Maine, US"
Maine,US,2020-08-04,45.40194593,-68.65020455,POINT(-68.65020455 45.40194593),31,0,0,0,23019,Penobscot,"Penobscot, Maine, US"
Texas,US,2020-08-04,32.30600051,-101.9513518,POINT(-101.9513518 32.30600051),2,0,0,0,48317,Martin,"Martin, Texas, US"
Texas,US,2020-08-04,30.71780434,-99.22629416,POINT(-99.22629416 30.71780434),1,0,0,0,48319,Mason,"Mason, Texas, US"
Texas,US,2020-08-04,28.7429195,-100.3157686,POINT(-100.3157686 28.7429195),7,0,0,0,48323,Maverick,"Maverick, Texas, US"
Texas,US,2020-08-04,31.1925468,-99.34682807,POINT(-99.34682807 31.1925468),0,0,0,0,48307,McCulloch,"McCulloch, Texas, US"
Texas,US,2020-08-04,29.3557301,-99.11030298,POINT(-99.11030298 29.3557301),7,0,0,0,48325,Medina,"Medina, Texas, US"
Texas,US,2020-08-04,30.7858183,-96.97718698,POINT(-96.97718698 30.7858183),7,0,0,0,48331,Milam,"Milam, Texas, US"
Texas,US,2020-08-04,32.30623474,-100.9212058,POINT(-100.9212058 32.30623474),1,0,0,0,48335,Mitchell,"Mitchell, Texas, US"
Texas,US,2020-08-04,33.67521893,-97.72500958,POINT(-97.72500958 33.67521893),1,0,0,0,48337,Montague,"Montague, Texas, US"
Texas,US,2020-08-04,35.83769242,-101.8930281,POINT(-101.8930281 35.83769242),9,0,0,0,48341,Moore,"Moore, Texas, US"
Texas,US,2020-08-04,33.11304005,-94.73255695,POINT(-94.73255695 33.11304005),1,0,0,0,48343,Morris,"Morris, Texas, US"
Texas,US,2020-08-04,30.78548982,-93.74408813,POINT(-93.74408813 30.78548982),1,0,0,0,48351,Newton,"Newton, Texas, US"
Texas,US,2020-08-04,27.736286,-97.5433285,POINT(-97.5433285 27.736286),65,0,0,0,48355,Nueces,"Nueces, Texas, US"
Texas,US,2020-08-04,30.11879481,-93.89412775,POINT(-93.89412775 30.11879481),29,0,0,0,48361,Orange,"Orange, Texas, US"
Texas,US,2020-08-04,32.75310985,-98.31319001,POINT(-98.31319001 32.75310985),3,0,0,0,48363,Palo Pinto,"Palo Pinto, Texas, US"
Texas,US,2020-08-04,32.77757172,-97.80500621,POINT(-97.80500621 32.77757172),6,0,0,0,48367,Parker,"Parker, Texas, US"
Texas,US,2020-08-04,30.78097267,-102.7241261,POINT(-102.7241261 30.78097267),1,0,0,0,48371,Pecos,"Pecos, Texas, US"
Texas,US,2020-08-04,30.79472531,-94.8276624,POINT(-94.8276624 30.79472531),8,0,0,0,48373,Polk,"Polk, Texas, US"
Texas,US,2020-08-04,31.32323325,-103.6903896,POINT(-103.6903896 31.32323325),1,0,0,0,48389,Reeves,"Reeves, Texas, US"
Alaska,US,2020-08-04,62.31305045,-149.5741743,POINT(-149.5741743 62.31305045),5,0,0,0,2170,Matanuska-Susitna,"Matanuska-Susitna, Alaska, US"
Alaska,US,2020-08-04,57.13978948,-132.9540995,POINT(-132.9540995 57.13978948),2,0,0,0,2195,Petersburg,"Petersburg, Alaska, US"
Hawaii,US,2020-08-04,,,,2,0,0,0,80015,Out of HI,"Out of HI,Hawaii,US"
Kansas,US,2020-08-04,38.39184858,-97.64769869,POINT(-97.64769869 38.39184858),11,0,0,0,20113,McPherson,"McPherson, Kansas, US"
Kansas,US,2020-08-04,38.56383358,-94.83832189,POINT(-94.83832189 38.56383358),2,0,0,0,20121,Miami,"Miami, Kansas, US"
Kansas,US,2020-08-04,39.39331582,-98.20906732,POINT(-98.20906732 39.39331582),2,0,0,0,20123,Mitchell,"Mitchell, Kansas, US"
Kansas,US,2020-08-04,37.19236568,-95.74329258,POINT(-95.74329258 37.19236568),11,0,0,0,20125,Montgomery,"Montgomery, Kansas, US"
Kansas,US,2020-08-04,38.68827511,-96.65128437,POINT(-96.65128437 38.68827511),2,0,0,0,20127,Morris,"Morris, Kansas, US"
Kansas,US,2020-08-04,37.19141121,-101.7992519,POINT(-101.7992519 37.19141121),1,0,0,0,20129,Morton,"Morton, Kansas, US"
Kansas,US,2020-08-04,37.55862897,-95.30670046,POINT(-95.30670046 37.55862897),1,0,0,0,20133,Neosho,"Neosho, Kansas, US"
Kansas,US,2020-08-04,38.65235984,-95.72707998,POINT(-95.72707998 38.65235984),3,0,0,0,20139,Osage,"Osage, Kansas, US"
Kansas,US,2020-08-04,39.3503437,-98.76753828,POINT(-98.76753828 39.3503437),2,0,0,0,20141,Osborne,"Osborne, Kansas, US"
Kansas,US,2020-08-04,39.13237408,-97.65020313,POINT(-97.65020313 39.13237408),3,0,0,0,20143,Ottawa,"Ottawa, Kansas, US"
Kansas,US,2020-08-04,39.37925655,-96.34564657,POINT(-96.34564657 39.37925655),5,0,0,0,20149,Pottawatomie,"Pottawatomie, Kansas, US"
Kansas,US,2020-08-04,37.64780729,-98.73922153,POINT(-98.73922153 37.64780729),1,0,0,0,20151,Pratt,"Pratt, Kansas, US"
Kansas,US,2020-08-04,37.95230263,-98.08607292,POINT(-98.08607292 37.95230263),10,0,0,0,20155,Reno,"Reno, Kansas, US"
Kansas,US,2020-08-04,39.82799632,-97.65036709,POINT(-97.65036709 39.82799632),3,0,0,0,20157,Republic,"Republic, Kansas, US"
Kansas,US,2020-08-04,39.28935726,-96.73420026,POINT(-96.73420026 39.28935726),19,0,0,0,20161,Riley,"Riley, Kansas, US"
Nevada,US,2020-08-04,38.04264256,-116.4722702,POINT(-116.4722702 38.04264256),7,0,0,0,32023,Nye,"Nye, Nevada, US"
Oregon,US,2020-08-04,45.41846568,-119.584546,POINT(-119.584546 45.41846568),2,0,0,0,41049,Morrow,"Morrow, Oregon, US"
Alabama,US,2020-08-04,34.45500589,-86.85475946,POINT(-86.85475946 34.45500589),31,0,0,0,1103,Morgan,"Morgan, Alabama, US"
Alabama,US,2020-08-04,32.64048341,-87.29770589,POINT(-87.29770589 32.64048341),0,0,0,0,1105,Perry,"Perry, Alabama, US"
Alabama,US,2020-08-04,33.28094866,-88.08818103,POINT(-88.08818103 33.28094866),15,0,0,0,1107,Pickens,"Pickens, Alabama, US"
Alabama,US,2020-08-04,31.80396383,-85.9408295,POINT(-85.9408295 31.80396383),16,0,0,0,1109,Pike,"Pike, Alabama, US"
Arizona,US,2020-08-04,35.70471703,-113.7577902,POINT(-113.7577902 35.70471703),23,0,0,0,4015,Mohave,"Mohave, Arizona, US"
Arizona,US,2020-08-04,32.90525627,-111.3449483,POINT(-111.3449483 32.90525627),124,0,0,0,4021,Pinal,"Pinal, Arizona, US"
Florida,US,2020-08-04,30.61037141,-81.80297522,POINT(-81.80297522 30.61037141),29,0,0,0,12089,Nassau,"Nassau, Florida, US"
Florida,US,2020-08-04,27.3863362,-80.88944347,POINT(-80.88944347 27.3863362),4,0,0,0,12093,Okeechobee,"Okeechobee, Florida, US"
Georgia,US,2020-08-04,,,,3,0,0,0,,McIntosh,"McIntosh,Georgia,US"
Georgia,US,2020-08-04,33.04163534,-84.68859732,POINT(-84.68859732 33.04163534),18,0,0,0,13199,Meriwether,"Meriwether, Georgia, US"
Georgia,US,2020-08-04,31.16568912,-84.73151117,POINT(-84.73151117 31.16568912),12,0,0,0,13201,Miller,"Miller, Georgia, US"
Georgia,US,2020-08-04,33.59232073,-83.49129491,POINT(-83.49129491 33.59232073),12,0,0,0,13211,Morgan,"Morgan, Georgia, US"
Georgia,US,2020-08-04,34.78897608,-84.74993177,POINT(-84.74993177 34.78897608),11,0,0,0,13213,Murray,"Murray, Georgia, US"
Georgia,US,2020-08-04,33.09310242,-84.38790389,POINT(-84.38790389 33.09310242),10,0,0,0,13231,Pike,"Pike, Georgia, US"
Georgia,US,2020-08-04,34.00267074,-85.18677781,POINT(-85.18677781 34.00267074),22,0,0,0,13233,Polk,"Polk, Georgia, US"
Georgia,US,2020-08-04,32.23334561,-83.4754996,POINT(-83.4754996 32.23334561),8,0,0,0,13235,Pulaski,"Pulaski, Georgia, US"
Georgia,US,2020-08-04,33.32056115,-83.37552891,POINT(-83.37552891 33.32056115),5,0,0,0,13237,Putnam,"Putnam, Georgia, US"
Georgia,US,2020-08-04,31.86728114,-85.01773177,POINT(-85.01773177 31.86728114),4,0,0,0,13239,Quitman,"Quitman, Georgia, US"
Georgia,US,2020-08-04,34.88389445,-83.40304637,POINT(-83.40304637 34.88389445),5,0,0,0,13241,Rabun,"Rabun, Georgia, US"
Indiana,US,2020-08-04,40.76940965,-86.04525048,POINT(-86.04525048 40.76940965),12,0,0,0,18103,Miami,"Miami, Indiana, US"
Indiana,US,2020-08-04,39.16130004,-86.52414358,POINT(-86.52414358 39.16130004),60,0,0,0,18105,Monroe,"Monroe, Indiana, US"
Indiana,US,2020-08-04,40.04034823,-86.89335024,POINT(-86.89335024 40.04034823),17,0,0,0,18107,Montgomery,"Montgomery, Indiana, US"
Indiana,US,2020-08-04,38.955305,-84.96515993,POINT(-84.96515993 38.955305),1,0,0,0,18115,Ohio,"Ohio, Indiana, US"
Indiana,US,2020-08-04,39.31145587,-86.83900724,POINT(-86.83900724 39.31145587),17,0,0,0,18119,Owen,"Owen, Indiana, US"
Indiana,US,2020-08-04,39.77202286,-87.20375833,POINT(-87.20375833 39.77202286),5,0,0,0,18121,Parke,"Parke, Indiana, US"
Indiana,US,2020-08-04,41.45986947,-87.06848888,POINT(-87.06848888 41.45986947),85,0,0,0,18127,Porter,"Porter, Indiana, US"
Indiana,US,2020-08-04,38.02097333,-87.86480429,POINT(-87.86480429 38.02097333),5,0,0,0,18129,Posey,"Posey, Indiana, US"
Indiana,US,2020-08-04,41.04166107,-86.69890683,POINT(-86.69890683 41.04166107),1,0,0,0,18131,Pulaski,"Pulaski, Indiana, US"
Montana,US,2020-08-04,46.59907074,-110.8898557,POINT(-110.8898557 46.59907074),1,0,0,0,30059,Meagher,"Meagher, Montana, US"
Montana,US,2020-08-04,46.49684637,-108.39498,POINT(-108.39498 46.49684637),1,0,0,0,30065,Musselshell,"Musselshell, Montana, US"
Montana,US,2020-08-04,45.48965095,-110.5264394,POINT(-110.5264394 45.48965095),7,0,0,0,30067,Park,"Park, Montana, US"
Montana,US,2020-08-04,46.08520862,-114.1189164,POINT(-114.1189164 46.08520862),3,0,0,0,30081,Ravalli,"Ravalli, Montana, US"
Montana,US,2020-08-04,47.78668011,-104.5610786,POINT(-104.5610786 47.78668011),2,0,0,0,30083,Richland,"Richland, Montana, US"
Vermont,US,2020-08-04,44.00470222,-72.37640104,POINT(-72.37640104 44.00470222),4,0,0,0,50017,Orange,"Orange, Vermont, US"
Vermont,US,2020-08-04,44.82964024,-72.24562697,POINT(-72.24562697 44.82964024),8,0,0,0,50019,Orleans,"Orleans, Vermont, US"
Wyoming,US,2020-08-04,42.96180148,-106.797885,POINT(-106.797885 42.96180148),26,0,0,0,56025,Natrona,"Natrona, Wyoming, US"
Wyoming,US,2020-08-04,44.52157546,-109.5852825,POINT(-109.5852825 44.52157546),1,0,0,0,56029,Park,"Park, Wyoming, US"
Wyoming,US,2020-08-04,42.13299116,-104.966331,POINT(-104.966331 42.13299116),0,0,0,0,56031,Platte,"Platte, Wyoming, US"
Arkansas,US,2020-08-04,33.31403423,-93.89285258,POINT(-93.89285258 33.31403423),16,0,0,0,5091,Miller,"Miller, Arkansas, US"
Arkansas,US,2020-08-04,35.76271485,-90.0519437,POINT(-90.0519437 35.76271485),1,0,0,0,5093,Mississippi,"Mississippi, Arkansas, US"
Arkansas,US,2020-08-04,34.6815935,-91.20540287,POINT(-91.20540287 34.6815935),1,0,0,0,5095,Monroe,"Monroe, Arkansas, US"
Arkansas,US,2020-08-04,33.66340119,-93.30632432,POINT(-93.30632432 33.66340119),1,0,0,0,5099,Nevada,"Nevada, Arkansas, US"
Arkansas,US,2020-08-04,35.91947491,-93.21612969,POINT(-93.21612969 35.91947491),1,0,0,0,5101,Newton,"Newton, Arkansas, US"
Arkansas,US,2020-08-04,33.58839816,-92.87795984,POINT(-92.87795984 33.58839816),1,0,0,0,5103,Ouachita,"Ouachita, Arkansas, US"
Arkansas,US,2020-08-04,34.9459153,-92.94372564,POINT(-92.94372564 34.9459153),1,0,0,0,5105,Perry,"Perry, Arkansas, US"
Arkansas,US,2020-08-04,34.43268455,-90.84800154,POINT(-90.84800154 34.43268455),1,0,0,0,5107,Phillips,"Phillips, Arkansas, US"
Arkansas,US,2020-08-04,34.16250414,-93.65789349,POINT(-93.65789349 34.16250414),1,0,0,0,5109,Pike,"Pike, Arkansas, US"
Arkansas,US,2020-08-04,35.57433534,-90.66268713,POINT(-90.66268713 35.57433534),6,0,0,0,5111,Poinsett,"Poinsett, Arkansas, US"
Arkansas,US,2020-08-04,34.48254879,-94.22728802,POINT(-94.22728802 34.48254879),6,0,0,0,5113,Polk,"Polk, Arkansas, US"
Arkansas,US,2020-08-04,35.44871474,-93.03212219,POINT(-93.03212219 35.44871474),20,0,0,0,5115,Pope,"Pope, Arkansas, US"
Arkansas,US,2020-08-04,34.83624419,-91.55162157,POINT(-91.55162157 34.83624419),1,0,0,0,5117,Prairie,"Prairie, Arkansas, US"
Arkansas,US,2020-08-04,36.3415714,-91.02455531,POINT(-91.02455531 36.3415714),6,0,0,0,5121,Randolph,"Randolph, Arkansas, US"
Colorado,US,2020-08-04,39.01787888,-108.469799,POINT(-108.469799 39.01787888),32,0,0,0,8077,Mesa,"Mesa, Colorado, US"
Colorado,US,2020-08-04,37.66954283,-106.9281698,POINT(-106.9281698 37.66954283),2,0,0,0,8079,Mineral,"Mineral, Colorado, US"
Colorado,US,2020-08-04,40.61810999,-108.2070876,POINT(-108.2070876 40.61810999),3,0,0,0,8081,Moffat,"Moffat, Colorado, US"
Colorado,US,2020-08-04,40.2627981,-103.8093302,POINT(-103.8093302 40.2627981),23,0,0,0,8087,Morgan,"Morgan, Colorado, US"
Colorado,US,2020-08-04,37.9014485,-103.7173385,POINT(-103.7173385 37.9014485),4,0,0,0,8089,Otero,"Otero, Colorado, US"
Colorado,US,2020-08-04,38.14717457,-107.7675136,POINT(-107.7675136 38.14717457),3,0,0,0,8091,Ouray,"Ouray, Colorado, US"
Colorado,US,2020-08-04,39.120926,-105.7182065,POINT(-105.7182065 39.120926),5,0,0,0,8093,Park,"Park, Colorado, US"
Colorado,US,2020-08-04,40.59414277,-102.3577703,POINT(-102.3577703 40.59414277),4,0,0,0,8095,Phillips,"Phillips, Colorado, US"
Colorado,US,2020-08-04,39.97913541,-108.2179009,POINT(-108.2179009 39.97913541),1,0,0,0,8103,Rio Blanco,"Rio Blanco, Colorado, US"
Colorado,US,2020-08-04,37.5836865,-106.3847838,POINT(-106.3847838 37.5836865),5,0,0,0,8105,Rio Grande,"Rio Grande, Colorado, US"
Illinois,US,2020-08-04,40.23917274,-89.91824452,POINT(-89.91824452 40.23917274),3,0,0,0,17125,Mason,"Mason, Illinois, US"
Illinois,US,2020-08-04,37.22078441,-88.71036614,POINT(-88.71036614 37.22078441),2,0,0,0,17127,Massac,"Massac, Illinois, US"
Illinois,US,2020-08-04,40.02742725,-89.80246001,POINT(-89.80246001 40.02742725),2,0,0,0,17129,Menard,"Menard, Illinois, US"
Illinois,US,2020-08-04,41.20596782,-90.74290052,POINT(-90.74290052 41.20596782),2,0,0,0,17131,Mercer,"Mercer, Illinois, US"
Illinois,US,2020-08-04,39.64187451,-88.62099969,POINT(-88.62099969 39.64187451),2,0,0,0,17139,Moultrie,"Moultrie, Illinois, US"
Illinois,US,2020-08-04,42.04165196,-89.32184679,POINT(-89.32184679 42.04165196),12,0,0,0,17141,Ogle,"Ogle, Illinois, US"
Illinois,US,2020-08-04,40.01360584,-88.59319339,POINT(-88.59319339 40.01360584),4,0,0,0,17147,Piatt,"Piatt, Illinois, US"
Illinois,US,2020-08-04,39.62265059,-90.8877017,POINT(-90.8877017 39.62265059),1,0,0,0,17149,Pike,"Pike, Illinois, US"
Illinois,US,2020-08-04,38.05095369,-89.82512254,POINT(-89.82512254 38.05095369),31,0,0,0,17157,Randolph,"Randolph, Illinois, US"
Illinois,US,2020-08-04,38.71240969,-88.08475366,POINT(-88.08475366 38.71240969),1,0,0,0,17159,Richland,"Richland, Illinois, US"
Kentucky,US,2020-08-04,38.59471935,-83.82151043,POINT(-83.82151043 38.59471935),2,0,0,0,21161,Mason,"Mason, Kentucky, US"
Kentucky,US,2020-08-04,36.73874143,-84.48102924,POINT(-84.48102924 36.73874143),1,0,0,0,21147,McCreary,"McCreary, Kentucky, US"
Kentucky,US,2020-08-04,37.96163597,-86.21028219,POINT(-86.21028219 37.96163597),2,0,0,0,21163,Meade,"Meade, Kentucky, US"
Kentucky,US,2020-08-04,37.94090733,-83.59985712,POINT(-83.59985712 37.94090733),3,0,0,0,21165,Menifee,"Menifee, Kentucky, US"
Kentucky,US,2020-08-04,37.81474237,-84.87488475,POINT(-84.87488475 37.81474237),4,0,0,0,21167,Mercer,"Mercer, Kentucky, US"
Kentucky,US,2020-08-04,38.03253032,-83.9145241,POINT(-83.9145241 38.03253032),6,0,0,0,21173,Montgomery,"Montgomery, Kentucky, US"
Kentucky,US,2020-08-04,37.21425819,-87.14632053,POINT(-87.14632053 37.21425819),27,0,0,0,21177,Muhlenberg,"Muhlenberg, Kentucky, US"
Kentucky,US,2020-08-04,37.80335779,-85.4657193,POINT(-85.4657193 37.80335779),4,0,0,0,21179,Nelson,"Nelson, Kentucky, US"
Kentucky,US,2020-08-04,38.33342292,-84.01889177,POINT(-84.01889177 38.33342292),1,0,0,0,21181,Nicholas,"Nicholas, Kentucky, US"
Kentucky,US,2020-08-04,37.47751843,-86.85368087,POINT(-86.85368087 37.47751843),1,0,0,0,21183,Ohio,"Ohio, Kentucky, US"
Kentucky,US,2020-08-04,38.39791089,-85.448222,POINT(-85.448222 38.39791089),8,0,0,0,21185,Oldham,"Oldham, Kentucky, US"
Kentucky,US,2020-08-04,38.69607718,-84.35599463,POINT(-84.35599463 38.69607718),2,0,0,0,21191,Pendleton,"Pendleton, Kentucky, US"
Kentucky,US,2020-08-04,37.25023553,-83.22922731,POINT(-83.22922731 37.25023553),3,0,0,0,21193,Perry,"Perry, Kentucky, US"
Kentucky,US,2020-08-04,37.47088263,-82.39487445,POINT(-82.39487445 37.47088263),1,0,0,0,21195,Pike,"Pike, Kentucky, US"
Kentucky,US,2020-08-04,37.83218794,-83.82553961,POINT(-83.82553961 37.83218794),1,0,0,0,21197,Powell,"Powell, Kentucky, US"
Maryland,US,2020-08-04,39.06198912,-76.03530977,POINT(-76.03530977 39.06198912),16,0,0,0,24035,Queen Anne's,"Queen Anne's, Maryland, US"
Michigan,US,2020-08-04,43.99509218,-86.24988902,POINT(-86.24988902 43.99509218),1,0,0,0,26105,Mason,"Mason, Michigan, US"
Michigan,US,2020-08-04,41.92734151,-83.53749864,POINT(-83.53749864 41.92734151),152,0,0,0,26115,Monroe,"Monroe, Michigan, US"
Michigan,US,2020-08-04,43.554374,-85.80070107,POINT(-85.80070107 43.554374),3,0,0,0,26123,Newaygo,"Newaygo, Michigan, US"
Michigan,US,2020-08-04,44.33481032,-84.12725175,POINT(-84.12725175 44.33481032),3,0,0,0,26129,Ogemaw,"Ogemaw, Michigan, US"
Michigan,US,2020-08-04,46.6652262,-89.31390481,POINT(-89.31390481 46.6652262),0,0,0,0,26131,Ontonagon,"Ontonagon, Michigan, US"
Michigan,US,2020-08-04,43.98992088,-85.32566756,POINT(-85.32566756 43.98992088),3,0,0,0,26133,Osceola,"Osceola, Michigan, US"
Michigan,US,2020-08-04,44.68192279,-84.12939244,POINT(-84.12939244 44.68192279),2,0,0,0,26135,Oscoda,"Oscoda, Michigan, US"
Michigan,US,2020-08-04,42.95996803,-85.9969107,POINT(-85.9969107 42.95996803),55,0,0,0,26139,Ottawa,"Ottawa, Michigan, US"
Michigan,US,2020-08-04,45.34018577,-83.91498656,POINT(-83.91498656 45.34018577),1,0,0,0,26141,Presque Isle,"Presque Isle, Michigan, US"
Missouri,US,2020-08-04,36.62869595,-94.34867205,POINT(-94.34867205 36.62869595),3,0,0,0,29119,McDonald,"McDonald, Missouri, US"
Missouri,US,2020-08-04,38.63571781,-92.57976951,POINT(-92.57976951 38.63571781),4,0,0,0,29135,Moniteau,"Moniteau, Missouri, US"
Missouri,US,2020-08-04,38.94022054,-91.47000721,POINT(-91.47000721 38.94022054),5,0,0,0,29139,Montgomery,"Montgomery, Missouri, US"
Missouri,US,2020-08-04,38.4181765,-92.88791859,POINT(-92.88791859 38.4181765),1,0,0,0,29141,Morgan,"Morgan, Missouri, US"
Missouri,US,2020-08-04,36.59666326,-89.66070007,POINT(-89.66070007 36.59666326),5,0,0,0,29143,New Madrid,"New Madrid, Missouri, US"
Missouri,US,2020-08-04,36.90519407,-94.3394104,POINT(-94.3394104 36.90519407),6,0,0,0,29145,Newton,"Newton, Missouri, US"
Missouri,US,2020-08-04,40.36079813,-94.88133008,POINT(-94.88133008 40.36079813),2,0,0,0,29147,Nodaway,"Nodaway, Missouri, US"
Missouri,US,2020-08-04,36.68710164,-91.4033755,POINT(-91.4033755 36.68710164),1,0,0,0,29149,Oregon,"Oregon, Missouri, US"
Missouri,US,2020-08-04,38.46036182,-91.8613635,POINT(-91.8613635 38.46036182),4,0,0,0,29151,Osage,"Osage, Missouri, US"
Missouri,US,2020-08-04,36.2130572,-89.78742322,POINT(-89.78742322 36.2130572),3,0,0,0,29155,Pemiscot,"Pemiscot, Missouri, US"
Missouri,US,2020-08-04,37.70660776,-89.82741088,POINT(-89.82741088 37.70660776),31,0,0,0,29157,Perry,"Perry, Missouri, US"
Missouri,US,2020-08-04,38.72798918,-93.28471706,POINT(-93.28471706 38.72798918),3,0,0,0,29159,Pettis,"Pettis, Missouri, US"
Missouri,US,2020-08-04,37.87736118,-91.79351727,POINT(-91.79351727 37.87736118),1,0,0,0,29161,Phelps,"Phelps, Missouri, US"
Missouri,US,2020-08-04,39.34310674,-91.16980779,POINT(-91.16980779 39.34310674),4,0,0,0,29163,Pike,"Pike, Missouri, US"
Missouri,US,2020-08-04,39.38154439,-94.77068479,POINT(-94.77068479 39.38154439),18,0,0,0,29165,Platte,"Platte, Missouri, US"
Missouri,US,2020-08-04,37.6162296,-93.39828174,POINT(-93.39828174 37.6162296),1,0,0,0,29167,Polk,"Polk, Missouri, US"
Missouri,US,2020-08-04,39.52817427,-91.51838643,POINT(-91.51838643 39.52817427),1,0,0,0,29173,Ralls,"Ralls, Missouri, US"
Missouri,US,2020-08-04,39.44007257,-92.4971374,POINT(-92.4971374 39.44007257),7,0,0,0,29175,Randolph,"Randolph, Missouri, US"
Missouri,US,2020-08-04,39.3537468,-93.98905745,POINT(-93.98905745 39.3537468),7,0,0,0,29177,Ray,"Ray, Missouri, US"
Missouri,US,2020-08-04,37.36085952,-90.97009925,POINT(-90.97009925 37.36085952),2,0,0,0,29179,Reynolds,"Reynolds, Missouri, US"
Missouri,US,2020-08-04,36.65460667,-90.85990261,POINT(-90.85990261 36.65460667),2,0,0,0,29181,Ripley,"Ripley, Missouri, US"
Nebraska,US,2020-08-04,41.16624273,-98.0374887,POINT(-98.0374887 41.16624273),2,0,0,0,31121,Merrick,"Merrick, Nebraska, US"
Nebraska,US,2020-08-04,40.38514847,-95.85433992,POINT(-95.85433992 40.38514847),1,0,0,0,31127,Nemaha,"Nemaha, Nebraska, US"
Nebraska,US,2020-08-04,40.64843556,-96.13374142,POINT(-96.13374142 40.64843556),1,0,0,0,31131,Otoe,"Otoe, Nebraska, US"
Nebraska,US,2020-08-04,40.51156033,-99.41461667,POINT(-99.41461667 40.51156033),1,0,0,0,31137,Phelps,"Phelps, Nebraska, US"
Nebraska,US,2020-08-04,41.57246836,-97.52144359,POINT(-97.52144359 41.57246836),5,0,0,0,31141,Platte,"Platte, Nebraska, US"
New York,US,2020-08-04,42.85145728,-77.30874425,POINT(-77.30874425 42.85145728),39,0,0,0,36069,Ontario,"Ontario, New York, US"
New York,US,2020-08-04,43.2516977,-78.2320066,POINT(-78.2320066 43.2516977),16,0,0,0,36073,Orleans,"Orleans, New York, US"
Oklahoma,US,2020-08-04,35.01123903,-97.44572302,POINT(-97.44572302 35.01123903),15,0,0,0,40087,McClain,"McClain, Oklahoma, US"
Oklahoma,US,2020-08-04,34.11664328,-94.77222373,POINT(-94.77222373 34.11664328),2,0,0,0,40089,McCurtain,"McCurtain, Oklahoma, US"
Oklahoma,US,2020-08-04,35.37235506,-95.66599306,POINT(-95.66599306 35.37235506),1,0,0,0,40091,McIntosh,"McIntosh, Oklahoma, US"
Oklahoma,US,2020-08-04,36.38953329,-97.22928674,POINT(-97.22928674 36.38953329),6,0,0,0,40103,Noble,"Noble, Oklahoma, US"
Oklahoma,US,2020-08-04,36.79843529,-95.61902331,POINT(-95.61902331 36.79843529),10,0,0,0,40105,Nowata,"Nowata, Oklahoma, US"
Oklahoma,US,2020-08-04,35.64661916,-95.96432828,POINT(-95.96432828 35.64661916),11,0,0,0,40111,Okmulgee,"Okmulgee, Oklahoma, US"
Oklahoma,US,2020-08-04,36.83532655,-94.81011909,POINT(-94.81011909 36.83532655),15,0,0,0,40115,Ottawa,"Ottawa, Oklahoma, US"
Oklahoma,US,2020-08-04,,,,2,0,0,0,80040,Out of OK,"Out of OK,Oklahoma,US"
Oklahoma,US,2020-08-04,36.07695283,-96.97584944,POINT(-96.97584944 36.07695283),24,0,0,0,40119,Payne,"Payne, Oklahoma, US"
Oklahoma,US,2020-08-04,34.92065823,-95.7513432,POINT(-95.7513432 34.92065823),7,0,0,0,40121,Pittsburg,"Pittsburg, Oklahoma, US"
Oklahoma,US,2020-08-04,34.72959848,-96.68337199,POINT(-96.68337199 34.72959848),9,0,0,0,40123,Pontotoc,"Pontotoc, Oklahoma, US"
Virginia,US,2020-08-04,36.68212094,-79.86352771,POINT(-79.86352771 36.68212094),0,0,0,0,51690,Martinsville,"Martinsville, Virginia, US"
Virginia,US,2020-08-04,37.44164146,-76.34098896,POINT(-76.34098896 37.44164146),2,0,0,0,51115,Mathews,"Mathews, Virginia, US"
Virginia,US,2020-08-04,36.67882005,-78.36131056,POINT(-78.36131056 36.67882005),16,0,0,0,51117,Mecklenburg,"Mecklenburg, Virginia, US"
Virginia,US,2020-08-04,37.63191998,-76.55064617,POINT(-76.55064617 37.63191998),0,0,0,0,51119,Middlesex,"Middlesex, Virginia, US"
Virginia,US,2020-08-04,37.17746986,-80.37868691,POINT(-80.37868691 37.17746986),16,0,0,0,51121,Montgomery,"Montgomery, Virginia, US"
Virginia,US,2020-08-04,37.78790447,-78.88498513,POINT(-78.88498513 37.78790447),3,0,0,0,51125,Nelson,"Nelson, Virginia, US"
Virginia,US,2020-08-04,37.50694406,-76.99828634,POINT(-76.99828634 37.50694406),11,0,0,0,51127,New Kent,"New Kent, Virginia, US"
Virginia,US,2020-08-04,36.89934014,-76.26420872,POINT(-76.26420872 36.89934014),77,0,0,0,51710,Norfolk,"Norfolk, Virginia, US"
Virginia,US,2020-08-04,37.34062933,-75.87751591,POINT(-75.87751591 37.34062933),2,0,0,0,51131,Northampton,"Northampton, Virginia, US"
Virginia,US,2020-08-04,37.89202088,-76.41949732,POINT(-76.41949732 37.89202088),3,0,0,0,51133,Northumberland,"Northumberland, Virginia, US"
Virginia,US,2020-08-04,36.93357076,-82.62750411,POINT(-82.62750411 36.93357076),0,0,0,0,51720,Norton,"Norton, Virginia, US"
Virginia,US,2020-08-04,37.1435975,-78.05065922,POINT(-78.05065922 37.1435975),3,0,0,0,51135,Nottoway,"Nottoway, Virginia, US"
Virginia,US,2020-08-04,38.24530219,-78.015604,POINT(-78.015604 38.24530219),7,0,0,0,51137,Orange,"Orange, Virginia, US"
Virginia,US,2020-08-04,38.61807452,-78.48797204,POINT(-78.48797204 38.61807452),3,0,0,0,51139,Page,"Page, Virginia, US"
Virginia,US,2020-08-04,36.6801638,-80.2865648,POINT(-80.2865648 36.6801638),0,0,0,0,51141,Patrick,"Patrick, Virginia, US"
Virginia,US,2020-08-04,37.20530399,-77.39368102,POINT(-77.39368102 37.20530399),9,0,0,0,51730,Petersburg,"Petersburg, Virginia, US"
Virginia,US,2020-08-04,36.81980341,-79.39731264,POINT(-79.39731264 36.81980341),3,0,0,0,51143,Pittsylvania,"Pittsylvania, Virginia, US"
Virginia,US,2020-08-04,37.14259351,-76.35798148,POINT(-76.35798148 37.14259351),4,0,0,0,51735,Poquoson,"Poquoson, Virginia, US"
Virginia,US,2020-08-04,36.85914825,-76.35971629,POINT(-76.35971629 36.85914825),41,0,0,0,51740,Portsmouth,"Portsmouth, Virginia, US"
Virginia,US,2020-08-04,37.55016038,-77.91267882,POINT(-77.91267882 37.55016038),4,0,0,0,51145,Powhatan,"Powhatan, Virginia, US"
Virginia,US,2020-08-04,37.22554789,-78.43597949,POINT(-78.43597949 37.22554789),3,0,0,0,51147,Prince Edward,"Prince Edward, Virginia, US"
Virginia,US,2020-08-04,37.18497668,-77.22922187,POINT(-77.22922187 37.18497668),24,0,0,0,51149,Prince George,"Prince George, Virginia, US"
Virginia,US,2020-08-04,37.06474963,-80.71229738,POINT(-80.71229738 37.06474963),2,0,0,0,51155,Pulaski,"Pulaski, Virginia, US"
Virginia,US,2020-08-04,37.12222899,-80.5602732,POINT(-80.5602732 37.12222899),1,0,0,0,51750,Radford,"Radford, Virginia, US"
Virginia,US,2020-08-04,38.68295619,-78.15826963,POINT(-78.15826963 38.68295619),1,0,0,0,51157,Rappahannock,"Rappahannock, Virginia, US"
Virginia,US,2020-08-04,37.937575,-76.72920628,POINT(-76.72920628 37.937575),2,0,0,0,51159,Richmond,"Richmond, Virginia, US"
Virginia,US,2020-08-04,37.53255773,-77.47966921,POINT(-77.47966921 37.53255773),119,0,0,0,51760,Richmond City,"Richmond City, Virginia, US"
Virginia,US,2020-08-04,37.26865804,-80.06396753,POINT(-80.06396753 37.26865804),9,0,0,0,51161,Roanoke,"Roanoke, Virginia, US"
Virginia,US,2020-08-04,37.27791025,-79.96189766,POINT(-79.96189766 37.27791025),14,0,0,0,51770,Roanoke City,"Roanoke City, Virginia, US"
Louisiana,US,2020-08-04,32.81686191,-91.80421614,POINT(-91.80421614 32.81686191),23,0,0,0,22067,Morehouse,"Morehouse, Louisiana, US"
Louisiana,US,2020-08-04,31.72321584,-93.09816516,POINT(-93.09816516 31.72321584),25,0,0,0,22069,Natchitoches,"Natchitoches, Louisiana, US"
Louisiana,US,2020-08-04,30.71409502,-91.60209535,POINT(-91.60209535 30.71409502),27,0,0,0,22077,Pointe Coupee,"Pointe Coupee, Louisiana, US"
Louisiana,US,2020-08-04,32.41391005,-91.76634876,POINT(-91.76634876 32.41391005),13,0,0,0,22083,Richland,"Richland, Louisiana, US"
Minnesota,US,2020-08-04,44.82367677,-94.27287017,POINT(-94.27287017 44.82367677),1,0,0,0,27085,McLeod,"McLeod, Minnesota, US"
Minnesota,US,2020-08-04,45.12328869,-94.52839455,POINT(-94.52839455 45.12328869),1,0,0,0,27093,Meeker,"Meeker, Minnesota, US"
Minnesota,US,2020-08-04,43.67142874,-92.75234549,POINT(-92.75234549 43.67142874),18,0,0,0,27099,Mower,"Mower, Minnesota, US"
Minnesota,US,2020-08-04,44.02216709,-95.76328482,POINT(-95.76328482 44.02216709),1,0,0,0,27101,Murray,"Murray, Minnesota, US"
Minnesota,US,2020-08-04,44.35291112,-94.24710352,POINT(-94.24710352 44.35291112),5,0,0,0,27103,Nicollet,"Nicollet, Minnesota, US"
Minnesota,US,2020-08-04,46.40846929,-95.70835255,POINT(-95.70835255 46.40846929),2,0,0,0,27111,Otter Tail,"Otter Tail, Minnesota, US"
Minnesota,US,2020-08-04,44.02301619,-96.25841142,POINT(-96.25841142 44.02301619),1,0,0,0,27117,Pipestone,"Pipestone, Minnesota, US"
Minnesota,US,2020-08-04,47.77372465,-96.40134647,POINT(-96.40134647 47.77372465),1,0,0,0,27119,Polk,"Polk, Minnesota, US"
Minnesota,US,2020-08-04,44.40555844,-95.25207021,POINT(-95.25207021 44.40555844),1,0,0,0,27127,Redwood,"Redwood, Minnesota, US"
Minnesota,US,2020-08-04,44.72836381,-94.94553734,POINT(-94.94553734 44.72836381),2,0,0,0,27129,Renville,"Renville, Minnesota, US"
Minnesota,US,2020-08-04,44.3543376,-93.29658715,POINT(-93.29658715 44.3543376),4,0,0,0,27131,Rice,"Rice, Minnesota, US"
Tennessee,US,2020-08-04,35.6187413,-87.07462444,POINT(-87.07462444 35.6187413),29,0,0,0,47119,Maury,"Maury, Tennessee, US"
Tennessee,US,2020-08-04,35.42812616,-84.61520715,POINT(-84.61520715 35.42812616),3,0,0,0,47107,McMinn,"McMinn, Tennessee, US"
Tennessee,US,2020-08-04,35.17468549,-88.5647812,POINT(-88.5647812 35.17468549),7,0,0,0,47109,McNairy,"McNairy, Tennessee, US"
Tennessee,US,2020-08-04,35.51558739,-84.81482914,POINT(-84.81482914 35.51558739),3,0,0,0,47121,Meigs,"Meigs, Tennessee, US"
Tennessee,US,2020-08-04,35.44550387,-84.24902965,POINT(-84.24902965 35.44550387),6,0,0,0,47123,Monroe,"Monroe, Tennessee, US"
Tennessee,US,2020-08-04,35.27724699,-86.36230578,POINT(-86.36230578 35.27724699),0,0,0,0,47127,Moore,"Moore, Tennessee, US"
Tennessee,US,2020-08-04,36.13248031,-84.64880098,POINT(-84.64880098 36.13248031),5,0,0,0,47129,Morgan,"Morgan, Tennessee, US"
Tennessee,US,2020-08-04,,,,282,0,0,0,,Out of TN,"Out of TN,Tennessee,US"
Tennessee,US,2020-08-04,36.34117832,-85.28989535,POINT(-85.28989535 36.34117832),5,0,0,0,47133,Overton,"Overton, Tennessee, US"
Tennessee,US,2020-08-04,35.63708728,-87.86139634,POINT(-87.86139634 35.63708728),3,0,0,0,47135,Perry,"Perry, Tennessee, US"
Tennessee,US,2020-08-04,35.12245443,-84.52075859,POINT(-84.52075859 35.12245443),3,0,0,0,47139,Polk,"Polk, Tennessee, US"
Tennessee,US,2020-08-04,36.14005459,-85.50646123,POINT(-85.50646123 36.14005459),81,0,0,0,47141,Putnam,"Putnam, Tennessee, US"
Tennessee,US,2020-08-04,35.60536161,-84.93076643,POINT(-84.93076643 35.60536161),0,0,0,0,47143,Rhea,"Rhea, Tennessee, US"
Tennessee,US,2020-08-04,35.84923189,-84.52458689,POINT(-84.52458689 35.84923189),5,0,0,0,47145,Roane,"Roane, Tennessee, US"
Wisconsin,US,2020-08-04,45.00422544,-88.70950714,POINT(-88.70950714 45.00422544),1,0,0,0,55078,Menominee,"Menominee, Wisconsin, US"
Wisconsin,US,2020-08-04,43.94641218,-90.618819,POINT(-90.618819 43.94641218),5,0,0,0,55081,Monroe,"Monroe, Wisconsin, US"
Wisconsin,US,2020-08-04,45.02715345,-88.26807503,POINT(-88.26807503 45.02715345),1,0,0,0,55083,Oconto,"Oconto, Wisconsin, US"
Wisconsin,US,2020-08-04,45.70677897,-89.51944105,POINT(-89.51944105 45.70677897),5,0,0,0,55085,Oneida,"Oneida, Wisconsin, US"
Wisconsin,US,2020-08-04,44.58307413,-91.99949611,POINT(-91.99949611 44.58307413),0,0,0,0,55091,Pepin,"Pepin, Wisconsin, US"
Wisconsin,US,2020-08-04,44.71850291,-92.4224416,POINT(-92.4224416 44.71850291),7,0,0,0,55093,Pierce,"Pierce, Wisconsin, US"
Wisconsin,US,2020-08-04,44.47558711,-89.50152965,POINT(-89.50152965 44.47558711),4,0,0,0,55097,Portage,"Portage, Wisconsin, US"
Wisconsin,US,2020-08-04,43.3762778,-90.43012729,POINT(-90.43012729 43.3762778),3,0,0,0,55103,Richland,"Richland, Wisconsin, US"
California,US,2020-08-04,39.4381191,-123.3911313,POINT(-123.3911313 39.4381191),4,0,0,0,6045,Mendocino,"Mendocino, California, US"
California,US,2020-08-04,40.00355989,-120.8395236,POINT(-120.8395236 40.00355989),3,0,0,0,6063,Plumas,"Plumas, California, US"
New Mexico,US,2020-08-04,32.61348406,-105.7417604,POINT(-105.7417604 32.61348406),3,0,0,0,35035,Otero,"Otero, New Mexico, US"
New Mexico,US,2020-08-04,36.51072137,-106.6931674,POINT(-106.6931674 36.51072137),6,0,0,0,35039,Rio Arriba,"Rio Arriba, New Mexico, US"
Washington,US,2020-08-04,47.35007586,-123.1863685,POINT(-123.1863685 47.35007586),17,0,0,0,53045,Mason,"Mason, Washington, US"
Washington,US,2020-08-04,48.54855019,-119.7387224,POINT(-119.7387224 48.54855019),10,0,0,0,53047,Okanogan,"Okanogan, Washington, US"
Washington,US,2020-08-04,48.53234021,-117.2741804,POINT(-117.2741804 48.53234021),1,0,0,0,53051,Pend Oreille,"Pend Oreille, Washington, US"
Mississippi,US,2020-08-04,32.75339664,-89.11726492,POINT(-89.11726492 32.75339664),13,0,0,0,28099,Neshoba,"Neshoba, Mississippi, US"
Mississippi,US,2020-08-04,32.40021118,-89.11843336,POINT(-89.11843336 32.40021118),7,0,0,0,28101,Newton,"Newton, Mississippi, US"
Mississippi,US,2020-08-04,33.11009499,-88.56949061,POINT(-88.56949061 33.11009499),5,0,0,0,28103,Noxubee,"Noxubee, Mississippi, US"
Mississippi,US,2020-08-04,34.61810501,-88.51986294,POINT(-88.51986294 34.61810501),10,0,0,0,28117,Prentiss,"Prentiss, Mississippi, US"
Mississippi,US,2020-08-04,34.25157572,-90.28908,POINT(-90.28908 34.25157572),12,0,0,0,28119,Quitman,"Quitman, Mississippi, US"
North Dakota,US,2020-08-04,46.11182017,-99.44145858,POINT(-99.44145858 46.11182017),1,0,0,0,38051,McIntosh,"McIntosh, North Dakota, US"
North Dakota,US,2020-08-04,47.7413337,-103.395905,POINT(-103.395905 47.7413337),5,0,0,0,38053,McKenzie,"McKenzie, North Dakota, US"
North Dakota,US,2020-08-04,47.60766714,-101.3182418,POINT(-101.3182418 47.60766714),2,0,0,0,38055,McLean,"McLean, North Dakota, US"
North Dakota,US,2020-08-04,47.31213126,-101.8318399,POINT(-101.8318399 47.31213126),0,0,0,0,38057,Mercer,"Mercer, North Dakota, US"
North Dakota,US,2020-08-04,48.20197971,-102.3555315,POINT(-102.3555315 48.20197971),20,0,0,0,38061,Mountrail,"Mountrail, North Dakota, US"
North Dakota,US,2020-08-04,47.11530482,-101.3406158,POINT(-101.3406158 47.11530482),1,0,0,0,38065,Oliver,"Oliver, North Dakota, US"
North Dakota,US,2020-08-04,48.24977025,-99.96407787,POINT(-99.96407787 48.24977025),2,0,0,0,38069,Pierce,"Pierce, North Dakota, US"
North Dakota,US,2020-08-04,48.26886249,-98.72223879,POINT(-98.72223879 48.26886249),3,0,0,0,38071,Ramsey,"Ramsey, North Dakota, US"
Pennsylvania,US,2020-08-04,41.80938602,-78.56478358,POINT(-78.56478358 41.80938602),1,0,0,0,42083,McKean,"McKean, Pennsylvania, US"
Pennsylvania,US,2020-08-04,41.30248872,-80.25816981,POINT(-80.25816981 41.30248872),27,0,0,0,42085,Mercer,"Mercer, Pennsylvania, US"
Pennsylvania,US,2020-08-04,40.61116939,-77.61070738,POINT(-77.61070738 40.61116939),10,0,0,0,42087,Mifflin,"Mifflin, Pennsylvania, US"
Pennsylvania,US,2020-08-04,41.03023987,-76.66345939,POINT(-76.66345939 41.03023987),37,0,0,0,42093,Montour,"Montour, Pennsylvania, US"
Pennsylvania,US,2020-08-04,40.84785433,-76.70798222,POINT(-76.70798222 40.84785433),22,0,0,0,42097,Northumberland,"Northumberland, Pennsylvania, US"
Pennsylvania,US,2020-08-04,41.74471626,-77.89559864,POINT(-77.89559864 41.74471626),3,0,0,0,42105,Potter,"Potter, Pennsylvania, US"
Rhode Island,US,2020-08-04,41.5642026,-71.26569799,POINT(-71.26569799 41.5642026),56,0,0,0,44005,Newport,"Newport, Rhode Island, US"
South Dakota,US,2020-08-04,44.56676791,-102.7162741,POINT(-102.7162741 44.56676791),1,0,0,0,46093,Meade,"Meade, South Dakota, US"
South Dakota,US,2020-08-04,43.33749164,-102.5555498,POINT(-102.5555498 43.33749164),1,0,0,0,46102,Oglala Lakota,"Oglala Lakota, South Dakota, US"
New Hampshire,US,2020-08-04,43.29662971,-71.6811573,POINT(-71.6811573 43.29662971),56,0,0,0,33013,Merrimack,"Merrimack, New Hampshire, US"
West Virginia,US,2020-08-04,38.77071799,-82.02524219,POINT(-82.02524219 38.77071799),6,0,0,0,54053,Mason,"Mason, West Virginia, US"
West Virginia,US,2020-08-04,37.38002939,-81.65083669,POINT(-81.65083669 37.38002939),3,0,0,0,54047,McDowell,"McDowell, West Virginia, US"
West Virginia,US,2020-08-04,37.40481169,-81.11023142,POINT(-81.11023142 37.40481169),6,0,0,0,54055,Mercer,"Mercer, West Virginia, US"
West Virginia,US,2020-08-04,39.41561583,-78.94104895,POINT(-78.94104895 39.41561583),3,0,0,0,54057,Mineral,"Mineral, West Virginia, US"
West Virginia,US,2020-08-04,39.55439028,-78.26311676,POINT(-78.26311676 39.55439028),4,0,0,0,54065,Morgan,"Morgan, West Virginia, US"
West Virginia,US,2020-08-04,38.29617706,-80.79759588,POINT(-80.79759588 38.29617706),2,0,0,0,54067,Nicholas,"Nicholas, West Virginia, US"
West Virginia,US,2020-08-04,40.0955451,-80.62203992,POINT(-80.62203992 40.0955451),18,0,0,0,54069,Ohio,"Ohio, West Virginia, US"
West Virginia,US,2020-08-04,38.68314479,-79.35084086,POINT(-79.35084086 38.68314479),1,0,0,0,54071,Pendleton,"Pendleton, West Virginia, US"
West Virginia,US,2020-08-04,39.37091679,-81.16771771,POINT(-81.16771771 39.37091679),1,0,0,0,54073,Pleasants,"Pleasants, West Virginia, US"
West Virginia,US,2020-08-04,39.46770987,-79.66712803,POINT(-79.66712803 39.46770987),6,0,0,0,54077,Preston,"Preston, West Virginia, US"
West Virginia,US,2020-08-04,38.50782345,-81.9082131,POINT(-81.9082131 38.50782345),10,0,0,0,54079,Putnam,"Putnam, West Virginia, US"
West Virginia,US,2020-08-04,37.76936795,-81.2456041,POINT(-81.2456041 37.76936795),4,0,0,0,54081,Raleigh,"Raleigh, West Virginia, US"
West Virginia,US,2020-08-04,38.769899,-79.87919615,POINT(-79.87919615 38.769899),3,0,0,0,54083,Randolph,"Randolph, West Virginia, US"
West Virginia,US,2020-08-04,38.71622686,-81.35243568,POINT(-81.35243568 38.71622686),2,0,0,0,54087,Roane,"Roane, West Virginia, US"
North Carolina,US,2020-08-04,35.67736232,-82.0482425,POINT(-82.0482425 35.67736232),13,0,0,0,37111,McDowell,"McDowell, North Carolina, US"
North Carolina,US,2020-08-04,36.01059309,-82.1582442,POINT(-82.1582442 36.01059309),3,0,0,0,37121,Mitchell,"Mitchell, North Carolina, US"
North Carolina,US,2020-08-04,34.25758282,-77.87075626,POINT(-77.87075626 34.25758282),53,0,0,0,37129,New Hanover,"New Hanover, North Carolina, US"
North Carolina,US,2020-08-04,36.06092947,-79.12167935,POINT(-79.12167935 36.06092947),81,0,0,0,37135,Orange,"Orange, North Carolina, US"
North Carolina,US,2020-08-04,35.15253315,-76.66559823,POINT(-76.66559823 35.15253315),3,0,0,0,37137,Pamlico,"Pamlico, North Carolina, US"
North Carolina,US,2020-08-04,36.26723798,-76.25134778,POINT(-76.25134778 36.26723798),10,0,0,0,37139,Pasquotank,"Pasquotank, North Carolina, US"
North Carolina,US,2020-08-04,34.52265624,-77.90352133,POINT(-77.90352133 34.52265624),2,0,0,0,37141,Pender,"Pender, North Carolina, US"
North Carolina,US,2020-08-04,36.17847453,-76.40603143,POINT(-76.40603143 36.17847453),2,0,0,0,37143,Perquimans,"Perquimans, North Carolina, US"
North Carolina,US,2020-08-04,36.38989032,-78.97217358,POINT(-78.97217358 36.38989032),7,0,0,0,37145,Person,"Person, North Carolina, US"
North Carolina,US,2020-08-04,35.27820615,-82.16812354,POINT(-82.16812354 35.27820615),8,0,0,0,37149,Polk,"Polk, North Carolina, US"
North Carolina,US,2020-08-04,35.00417719,-79.74491009,POINT(-79.74491009 35.00417719),2,0,0,0,37153,Richmond,"Richmond, North Carolina, US"
South Carolina,US,2020-08-04,33.90161443,-82.30794338,POINT(-82.30794338 33.90161443),2,0,0,0,45065,McCormick,"McCormick, South Carolina, US"
South Carolina,US,2020-08-04,34.28629098,-81.59935761,POINT(-81.59935761 34.28629098),7,0,0,0,45071,Newberry,"Newberry, South Carolina, US"
South Carolina,US,2020-08-04,34.75225169,-83.06742317,POINT(-83.06742317 34.75225169),9,0,0,0,45073,Oconee,"Oconee, South Carolina, US"
South Carolina,US,2020-08-04,33.4391073,-80.79886287,POINT(-80.79886287 33.4391073),30,0,0,0,45075,Orangeburg,"Orangeburg, South Carolina, US"
South Carolina,US,2020-08-04,34.88807695,-82.72791551,POINT(-82.72791551 34.88807695),21,0,0,0,45077,Pickens,"Pickens, South Carolina, US"
Iowa,US,2020-08-04,41.48370744,-91.1121697,POINT(-91.1121697 41.48370744),61,1,0,0,19139,Muscatine,"Muscatine, Iowa, US"
Iowa,US,2020-08-04,41.68625425,-92.53155731,POINT(-92.53155731 41.68625425),6,1,0,0,19157,Poweshiek,"Poweshiek, Iowa, US"
Ohio,US,2020-08-04,40.54043046,-84.62912742,POINT(-84.62912742 40.54043046),11,1,0,0,39107,Mercer,"Mercer, Ohio, US"
Idaho,US,2020-08-04,44.00545243,-116.7647695,POINT(-116.7647695 44.00545243),6,1,0,0,16075,Payette,"Payette, Idaho, US"
Texas,US,2020-08-04,31.55255453,-97.20217694,POINT(-97.20217694 31.55255453),62,1,0,0,48309,McLennan,"McLennan, Texas, US"
Texas,US,2020-08-04,31.86904128,-102.0315682,POINT(-102.0315682 31.86904128),30,1,0,0,48329,Midland,"Midland, Texas, US"
Texas,US,2020-08-04,32.04620681,-96.47428766,POINT(-96.47428766 32.04620681),4,1,0,0,48349,Navarro,"Navarro, Texas, US"
Texas,US,2020-08-04,35.40425596,-102.6027606,POINT(-102.6027606 35.40425596),3,1,0,0,48359,Oldham,"Oldham, Texas, US"
Texas,US,2020-08-04,32.1639596,-94.30552481,POINT(-94.30552481 32.1639596),4,1,0,0,48365,Panola,"Panola, Texas, US"
Texas,US,2020-08-04,35.40133773,-101.893964,POINT(-101.893964 35.40133773),47,1,0,0,48375,Potter,"Potter, Texas, US"
Texas,US,2020-08-04,34.96585996,-101.8971322,POINT(-101.8971322 34.96585996),40,1,0,0,48381,Randall,"Randall, Texas, US"
Hawaii,US,2020-08-04,20.86399628,-156.5689097,POINT(-156.5689097 20.86399628),48,1,0,0,15009,Maui,"Maui, Hawaii, US"
Oregon,US,2020-08-04,44.90322804,-123.4128888,POINT(-123.4128888 44.90322804),28,1,0,0,41053,Polk,"Polk, Oregon, US"
Alabama,US,2020-08-04,31.56729412,-87.36995001,POINT(-87.36995001 31.56729412),5,1,0,0,1099,Monroe,"Monroe, Alabama, US"
Arizona,US,2020-08-04,35.402,-110.1403,POINT(-110.1403 35.402),404,1,0,0,4017,Navajo,"Navajo,Arizona,US"
Florida,US,2020-08-04,30.69143028,-86.59267105,POINT(-86.59267105 30.69143028),78,1,0,0,12091,Okaloosa,"Okaloosa, Florida, US"
Florida,US,2020-08-04,29.60779729,-81.74230285,POINT(-81.74230285 29.60779729),21,1,0,0,12107,Putnam,"Putnam, Florida, US"
Georgia,US,2020-08-04,33.47851918,-82.48252774,POINT(-82.48252774 33.47851918),16,1,0,0,,McDuffie,"McDuffie,Georgia,US"
Georgia,US,2020-08-04,33.014289,-83.92097166,POINT(-83.92097166 33.014289),12,1,0,0,13207,Monroe,"Monroe, Georgia, US"
Georgia,US,2020-08-04,32.50931999,-84.87142262,POINT(-84.87142262 32.50931999),57,1,0,0,13215,Muscogee,"Muscogee, Georgia, US"
Georgia,US,2020-08-04,33.83749973,-83.43679568,POINT(-83.43679568 33.83749973),33,1,0,0,13219,Oconee,"Oconee, Georgia, US"
Georgia,US,2020-08-04,33.8786296,-83.08278123,POINT(-83.08278123 33.8786296),2,1,0,0,13221,Oglethorpe,"Oglethorpe, Georgia, US"
Georgia,US,2020-08-04,33.91969522,-84.86848792,POINT(-84.86848792 33.91969522),66,1,0,0,13223,Paulding,"Paulding, Georgia, US"
Georgia,US,2020-08-04,31.35928155,-82.21598442,POINT(-82.21598442 31.35928155),36,1,0,0,13229,Pierce,"Pierce, Georgia, US"
Indiana,US,2020-08-04,39.47899078,-86.44573375,POINT(-86.44573375 39.47899078),82,1,0,0,18109,Morgan,"Morgan, Indiana, US"
Indiana,US,2020-08-04,40.95610449,-87.39635768,POINT(-87.39635768 40.95610449),6,1,0,0,18111,Newton,"Newton, Indiana, US"
Indiana,US,2020-08-04,41.39672484,-85.41966713,POINT(-85.41966713 41.39672484),11,1,0,0,18113,Noble,"Noble, Indiana, US"
Indiana,US,2020-08-04,39.66437981,-86.84517605,POINT(-86.84517605 39.66437981),27,1,0,0,18133,Putnam,"Putnam, Indiana, US"
Indiana,US,2020-08-04,40.15734772,-85.01139319,POINT(-85.01139319 40.15734772),7,1,0,0,18135,Randolph,"Randolph, Indiana, US"
Montana,US,2020-08-04,47.03728583,-113.9213508,POINT(-113.9213508 47.03728583),25,1,0,0,30063,Missoula,"Missoula, Montana, US"
Colorado,US,2020-08-04,37.33859579,-108.5958857,POINT(-108.5958857 37.33859579),8,1,0,0,8083,Montezuma,"Montezuma, Colorado, US"
Colorado,US,2020-08-04,,,,0,1,0,0,80008,Out of CO,"Out of CO,Colorado,US"
Illinois,US,2020-08-04,38.27594376,-90.17761038,POINT(-90.17761038 38.27594376),20,1,0,0,17133,Monroe,"Monroe, Illinois, US"
Illinois,US,2020-08-04,39.23198845,-89.47809254,POINT(-89.47809254 39.23198845),4,1,0,0,17135,Montgomery,"Montgomery, Illinois, US"
Illinois,US,2020-08-04,39.71654544,-90.20255104,POINT(-90.20255104 39.71654544),8,1,0,0,17137,Morgan,"Morgan, Illinois, US"
Illinois,US,2020-08-04,40.78702156,-89.76078901,POINT(-89.76078901 40.78702156),16,1,0,0,17143,Peoria,"Peoria, Illinois, US"
Kentucky,US,2020-08-04,37.05350953,-88.70445755,POINT(-88.70445755 37.05350953),13,1,0,0,21145,McCracken,"McCracken, Kentucky, US"
Kentucky,US,2020-08-04,37.5301951,-87.26803443,POINT(-87.26803443 37.5301951),1,1,0,0,21149,McLean,"McLean, Kentucky, US"
Kentucky,US,2020-08-04,37.10466131,-84.57629079,POINT(-84.57629079 37.10466131),13,1,0,0,21199,Pulaski,"Pulaski, Kentucky, US"
Michigan,US,2020-08-04,43.64064262,-85.32463223,POINT(-85.32463223 43.64064262),8,1,0,0,26107,Mecosta,"Mecosta, Michigan, US"
Michigan,US,2020-08-04,43.64330771,-84.38804374,POINT(-84.38804374 43.64330771),24,1,0,0,26111,Midland,"Midland, Michigan, US"
Michigan,US,2020-08-04,44.33772443,-85.09256478,POINT(-85.09256478 44.33772443),1,1,0,0,26113,Missaukee,"Missaukee, Michigan, US"
Michigan,US,2020-08-04,43.31082541,-85.15252824,POINT(-85.15252824 43.31082541),18,1,0,0,26117,Montcalm,"Montcalm, Michigan, US"
Michigan,US,2020-08-04,43.64124435,-86.26726673,POINT(-86.26726673 43.64124435),3,1,0,0,26127,Oceana,"Oceana, Michigan, US"
Michigan,US,2020-08-04,,,,126,1,0,0,,Out of MI,"Out of MI,Michigan,US"
Missouri,US,2020-08-04,37.82462075,-92.20783203,POINT(-92.20783203 37.82462075),12,1,0,0,29169,Pulaski,"Pulaski, Missouri, US"
New York,US,2020-08-04,42.90123494,-74.44011632,POINT(-74.44011632 42.90123494),18,1,0,0,36057,Montgomery,"Montgomery, New York, US"
New York,US,2020-08-04,43.19898042,-78.74777412,POINT(-78.74777412 43.19898042),155,1,0,0,36063,Niagara,"Niagara, New York, US"
New York,US,2020-08-04,42.63492579,-75.03151402,POINT(-75.03151402 42.63492579),38,1,0,0,36077,Otsego,"Otsego, New York, US"
Oklahoma,US,2020-08-04,36.31743373,-96.7033176,POINT(-96.7033176 36.31743373),23,1,0,0,40117,Pawnee,"Pawnee, Oklahoma, US"
Oklahoma,US,2020-08-04,35.20614018,-96.94923008,POINT(-96.94923008 35.20614018),20,1,0,0,40125,Pottawatomie,"Pottawatomie, Oklahoma, US"
Virginia,US,2020-08-04,37.08166899,-76.51754109,POINT(-76.51754109 37.08166899),60,1,0,0,51700,Newport News,"Newport News, Virginia, US"
Virginia,US,2020-08-04,38.70916224,-77.48713689,POINT(-77.48713689 38.70916224),263,1,0,0,51153,Prince William,"Prince William, Virginia, US"
Louisiana,US,2020-08-04,32.09530039,-93.34213308,POINT(-93.34213308 32.09530039),3,1,0,0,22081,Red River,"Red River, Louisiana, US"
Tennessee,US,2020-08-04,36.35732446,-89.14921589,POINT(-89.14921589 36.35732446),4,1,0,0,47131,Obion,"Obion, Tennessee, US"
Wisconsin,US,2020-08-04,44.41578887,-88.46565023,POINT(-88.46565023 44.41578887),25,1,0,0,55087,Outagamie,"Outagamie, Wisconsin, US"
California,US,2020-08-04,37.93899289,-118.8872409,POINT(-118.8872409 37.93899289),19,1,0,0,6051,Mono,"Mono, California, US"
California,US,2020-08-04,39.30394768,-120.7627281,POINT(-120.7627281 39.30394768),34,1,0,0,6057,Nevada,"Nevada, California, US"
Mississippi,US,2020-08-04,33.89236763,-88.4808438,POINT(-88.4808438 33.89236763),19,1,0,0,28095,Monroe,"Monroe, Mississippi, US"
Mississippi,US,2020-08-04,33.49419589,-89.61729103,POINT(-89.61729103 33.49419589),12,1,0,0,28097,Montgomery,"Montgomery, Mississippi, US"
Mississippi,US,2020-08-04,33.42491685,-88.87905132,POINT(-88.87905132 33.42491685),30,1,0,0,28105,Oktibbeha,"Oktibbeha, Mississippi, US"
Mississippi,US,2020-08-04,34.36398677,-89.95064249,POINT(-89.95064249 34.36398677),19,1,0,0,28107,Panola,"Panola, Mississippi, US"
Mississippi,US,2020-08-04,31.17161885,-88.99281835,POINT(-88.99281835 31.17161885),14,1,0,0,28111,Perry,"Perry, Mississippi, US"
Mississippi,US,2020-08-04,31.17507789,-90.40392572,POINT(-90.40392572 31.17507789),33,1,0,0,28113,Pike,"Pike, Mississippi, US"
Mississippi,US,2020-08-04,34.226046,-89.03636807,POINT(-89.03636807 34.226046),13,1,0,0,28115,Pontotoc,"Pontotoc, Mississippi, US"
North Dakota,US,2020-08-04,48.23104458,-100.6324822,POINT(-100.6324822 48.23104458),1,1,0,0,38049,McHenry,"McHenry, North Dakota, US"
North Dakota,US,2020-08-04,46.71681782,-101.2822377,POINT(-101.2822377 46.71681782),18,1,0,0,38059,Morton,"Morton, North Dakota, US"
Pennsylvania,US,2020-08-04,40.40206612,-77.26297447,POINT(-77.26297447 40.40206612),13,1,0,0,42099,Perry,"Perry, Pennsylvania, US"
South Dakota,US,2020-08-04,43.6742571,-97.36863144,POINT(-97.36863144 43.6742571),2,1,0,0,46087,McCook,"McCook, South Dakota, US"
South Dakota,US,2020-08-04,44.0025835,-102.8240777,POINT(-102.8240777 44.0025835),6,1,0,0,46103,Pennington,"Pennington, South Dakota, US"
West Virginia,US,2020-08-04,39.63218457,-80.04766838,POINT(-80.04766838 39.63218457),68,1,0,0,54061,Monongalia,"Monongalia, West Virginia, US"
North Carolina,US,2020-08-04,35.33155144,-79.90416657,POINT(-79.90416657 35.33155144),13,1,0,0,37123,Montgomery,"Montgomery, North Carolina, US"
North Carolina,US,2020-08-04,35.96575634,-77.98422508,POINT(-77.98422508 35.96575634),25,1,0,0,37127,Nash,"Nash, North Carolina, US"
North Carolina,US,2020-08-04,36.41736238,-77.39769443,POINT(-77.39769443 36.41736238),54,1,0,0,37131,Northampton,"Northampton, North Carolina, US"
North Carolina,US,2020-08-04,34.72607366,-77.42908179,POINT(-77.42908179 34.72607366),24,1,0,0,37133,Onslow,"Onslow, North Carolina, US"
North Carolina,US,2020-08-04,35.59535426,-77.37353178,POINT(-77.37353178 35.59535426),51,1,0,0,37147,Pitt,"Pitt, North Carolina, US"
Ohio,US,2020-08-04,39.75394919,-84.29050975,POINT(-84.29050975 39.75394919),147,2,0,0,39113,Montgomery,"Montgomery, Ohio, US"
Idaho,US,2020-08-04,46.32638236,-116.7500975,POINT(-116.7500975 46.32638236),17,2,0,0,16069,Nez Perce,"Nez Perce, Idaho, US"
Texas,US,2020-08-04,31.62017125,-94.61803994,POINT(-94.61803994 31.62017125),25,2,0,0,48347,Nacogdoches,"Nacogdoches, Texas, US"
Alabama,US,2020-08-04,32.2206831,-86.20969272,POINT(-86.20969272 32.2206831),77,2,0,0,1101,Montgomery,"Montgomery, Alabama, US"
Alabama,US,2020-08-04,33.29526734,-85.45708831,POINT(-85.45708831 33.29526734),15,2,0,0,1111,Randolph,"Randolph, Alabama, US"
Florida,US,2020-08-04,28.30810945,-82.40227529,POINT(-82.40227529 28.30810945),125,2,0,0,12101,Pasco,"Pasco, Florida, US"
Georgia,US,2020-08-04,32.56934316,-83.82937,POINT(-83.82937 32.56934316),19,2,0,0,13225,Peach,"Peach, Georgia, US"
Georgia,US,2020-08-04,34.46589159,-84.46406611,POINT(-84.46406611 34.46589159),10,2,0,0,13227,Pickens,"Pickens, Georgia, US"
Indiana,US,2020-08-04,38.5411892,-86.49523093,POINT(-86.49523093 38.5411892),11,2,0,0,18117,Orange,"Orange, Indiana, US"
Arkansas,US,2020-08-04,34.77054088,-92.31355101,POINT(-92.31355101 34.77054088),179,2,0,0,5119,Pulaski,"Pulaski, Arkansas, US"
Colorado,US,2020-08-04,39.21720112,-106.9310027,POINT(-106.9310027 39.21720112),39,2,0,0,8097,Pitkin,"Pitkin, Colorado, US"
Colorado,US,2020-08-04,38.17359144,-104.5127437,POINT(-104.5127437 38.17359144),45,2,0,0,8101,Pueblo,"Pueblo, Colorado, US"
Illinois,US,2020-08-04,40.48996987,-88.84621113,POINT(-88.84621113 40.48996987),65,2,0,0,17113,McLean,"McLean, Illinois, US"
Michigan,US,2020-08-04,45.02085831,-84.59898295,POINT(-84.59898295 45.02085831),29,2,0,0,26137,Otsego,"Otsego, Michigan, US"
New York,US,2020-08-04,43.24375382,-75.43710392,POINT(-75.43710392 43.24375382),125,2,0,0,36065,Oneida,"Oneida, New York, US"
New York,US,2020-08-04,43.42778894,-76.14635194,POINT(-76.14635194 43.42778894),34,2,0,0,36075,Oswego,"Oswego, New York, US"
Oklahoma,US,2020-08-04,36.30179091,-95.23175116,POINT(-95.23175116 36.30179091),12,2,0,0,40097,Mayes,"Mayes, Oklahoma, US"
Oklahoma,US,2020-08-04,35.61318461,-95.37802952,POINT(-95.37802952 35.61318461),21,2,0,0,40101,Muskogee,"Muskogee, Oklahoma, US"
Minnesota,US,2020-08-04,44.00374114,-92.40209944,POINT(-92.40209944 44.00374114),108,2,0,0,27109,Olmsted,"Olmsted, Minnesota, US"
Tennessee,US,2020-08-04,36.49609412,-87.38550661,POINT(-87.38550661 36.49609412),72,2,0,0,47125,Montgomery,"Montgomery, Tennessee, US"
Wisconsin,US,2020-08-04,42.74753117,-88.05941254,POINT(-88.05941254 42.74753117),66,2,0,0,55101,Racine,"Racine, Wisconsin, US"
California,US,2020-08-04,36.21862405,-121.2413397,POINT(-121.2413397 36.21862405),64,2,0,0,6053,Monterey,"Monterey, California, US"
California,US,2020-08-04,38.50735751,-122.332839,POINT(-122.332839 38.50735751),25,2,0,0,6055,Napa,"Napa, California, US"
New Mexico,US,2020-08-04,35.7152,-108.2378,POINT(-108.2378 35.7152),87,2,0,0,35031,McKinley,"McKinley,New Mexico,US"
Mississippi,US,2020-08-04,32.26469147,-89.94537876,POINT(-89.94537876 32.26469147),79,2,0,0,28121,Rankin,"Rankin, Mississippi, US"
South Dakota,US,2020-08-04,43.67441641,-96.7910885,POINT(-96.7910885 43.67441641),228,2,0,0,46099,Minnehaha,"Minnehaha, South Dakota, US"
North Carolina,US,2020-08-04,35.30885257,-79.48474178,POINT(-79.48474178 35.30885257),37,2,0,0,37125,Moore,"Moore, North Carolina, US"
North Carolina,US,2020-08-04,35.71015088,-79.80570339,POINT(-79.80570339 35.71015088),37,2,0,0,37151,Randolph,"Randolph, North Carolina, US"
Texas,US,2020-08-04,28.81955746,-96.01230294,POINT(-96.01230294 28.81955746),42,3,0,0,48321,Matagorda,"Matagorda, Texas, US"
Florida,US,2020-08-04,25.20904673,-81.07812416,POINT(-81.07812416 25.20904673),51,3,0,0,12087,Monroe,"Monroe, Florida, US"
Georgia,US,2020-08-04,33.55514538,-83.8454714,POINT(-83.8454714 33.55514538),67,3,0,0,13217,Newton,"Newton, Georgia, US"
Georgia,US,2020-08-04,31.76622818,-84.75732369,POINT(-84.75732369 31.76622818),82,3,0,0,13243,Randolph,"Randolph, Georgia, US"
Georgia,US,2020-08-04,33.35777107,-82.07026432,POINT(-82.07026432 33.35777107),76,3,0,0,13245,Richmond,"Richmond, Georgia, US"
Indiana,US,2020-08-04,39.10235626,-85.26212744,POINT(-85.26212744 39.10235626),76,3,0,0,18137,Ripley,"Ripley, Indiana, US"
Colorado,US,2020-08-04,38.40214114,-108.2639022,POINT(-108.2639022 38.40214114),35,3,0,0,8085,Montrose,"Montrose, Colorado, US"
New York,US,2020-08-04,42.71348136,-73.51089874,POINT(-73.51089874 42.71348136),88,3,0,0,36083,Rensselaer,"Rensselaer, New York, US"
Louisiana,US,2020-08-04,32.47645559,-92.15704172,POINT(-92.15704172 32.47645559),275,3,0,0,22073,Ouachita,"Ouachita, Louisiana, US"
Minnesota,US,2020-08-04,45.01625271,-93.09872295,POINT(-93.09872295 45.01625271),112,3,0,0,27123,Ramsey,"Ramsey, Minnesota, US"
California,US,2020-08-04,37.18922369,-120.7209035,POINT(-120.7209035 37.18922369),34,3,0,0,6047,Merced,"Merced, California, US"
Mississippi,US,2020-08-04,30.77090935,-89.58677275,POINT(-89.58677275 30.77090935),60,3,0,0,28109,Pearl River,"Pearl River, Mississippi, US"
Rhode Island,US,2020-08-04,41.87064746,-71.57753536,POINT(-71.57753536 41.87064746),832,3,0,0,44007,Providence,"Providence, Rhode Island, US"
Iowa,US,2020-08-04,41.68679484,-93.57767461,POINT(-93.57767461 41.68679484),134,4,0,0,19153,Polk,"Polk, Iowa, US"
Ohio,US,2020-08-04,41.11770589,-81.8998621,POINT(-81.8998621 41.11770589),94,4,0,0,39103,Medina,"Medina, Ohio, US"
Texas,US,2020-08-04,30.30079133,-95.50572772,POINT(-95.50572772 30.30079133),210,4,0,0,48339,Montgomery,"Montgomery, Texas, US"
Florida,US,2020-08-04,28.06312234,-81.14882926,POINT(-81.14882926 28.06312234),272,4,0,0,12097,Osceola,"Osceola, Florida, US"
Michigan,US,2020-08-04,43.29123859,-86.15176712,POINT(-86.15176712 43.29123859),42,4,0,0,26121,Muskegon,"Muskegon, Michigan, US"
Louisiana,US,2020-08-04,31.19778499,-92.52997303,POINT(-92.52997303 31.19778499),135,4,0,0,22079,Rapides,"Rapides, Louisiana, US"
California,US,2020-08-04,39.06167234,-120.7240569,POINT(-120.7240569 39.06167234),117,4,0,0,6061,Placer,"Placer, California, US"
Connecticut,US,2020-08-04,41.48896435,-72.10430976,POINT(-72.10430976 41.48896435),85,4,0,0,9011,New London,"New London, Connecticut, US"
Florida,US,2020-08-04,27.95027105,-81.69732947,POINT(-81.69732947 27.95027105),206,5,0,0,12105,Polk,"Polk, Florida, US"
Illinois,US,2020-08-04,42.32451172,-88.45248227,POINT(-88.45248227 42.32451172),180,5,0,0,17111,McHenry,"McHenry, Illinois, US"
Oklahoma,US,2020-08-04,36.62888819,-96.39635704,POINT(-96.39635704 36.62888819),33,5,0,0,40113,Osage,"Osage, Oklahoma, US"
New York,US,2020-08-04,43.00491923,-76.19971155,POINT(-76.19971155 43.00491923),422,6,0,0,36067,Onondaga,"Onondaga, New York, US"
Pennsylvania,US,2020-08-04,41.33155042,-75.03208106,POINT(-75.03208106 41.33155042),148,6,0,0,42103,Pike,"Pike, Pennsylvania, US"
Oregon,US,2020-08-04,45.54747959,-122.4169351,POINT(-122.4169351 45.54747959),258,7,0,0,41051,Multnomah,"Multnomah, Oregon, US"
New York,US,2020-08-04,41.42630093,-73.74965532,POINT(-73.74965532 41.42630093),427,7,0,0,36079,Putnam,"Putnam, New York, US"
Louisiana,US,2020-08-04,29.42245447,-89.60322085,POINT(-89.60322085 29.42245447),123,7,0,0,22075,Plaquemines,"Plaquemines, Louisiana, US"
Wisconsin,US,2020-08-04,43.38352225,-87.94625009,POINT(-87.94625009 43.38352225),70,7,0,0,55089,Ozaukee,"Ozaukee, Wisconsin, US"
Connecticut,US,2020-08-04,41.45949668,-72.53714864,POINT(-72.53714864 41.45949668),150,7,0,0,9007,Middlesex,"Middlesex, Connecticut, US"
South Carolina,US,2020-08-04,34.01791263,-80.90267209,POINT(-80.90267209 34.01791263),340,7,0,0,45079,Richland,"Richland, South Carolina, US"
Ohio,US,2020-08-04,41.16793482,-81.19735782,POINT(-81.19735782 41.16793482),108,8,0,0,39133,Portage,"Portage, Ohio, US"
Alabama,US,2020-08-04,30.78472347,-88.20842409,POINT(-88.20842409 30.78472347),249,8,0,0,1097,Mobile,"Mobile, Alabama, US"
Florida,US,2020-08-04,27.93130349,-82.72239666,POINT(-82.72239666 27.93130349),394,9,0,0,12103,Pinellas,"Pinellas, Florida, US"
Delaware,US,2020-08-04,39.57992638,-75.64054974,POINT(-75.64054974 39.57992638),636,9,0,0,10003,New Castle,"New Castle, Delaware, US"
Florida,US,2020-08-04,28.51367621,-81.31799498,POINT(-81.31799498 28.51367621),803,10,0,0,12095,Orange,"Orange, Florida, US"
North Carolina,US,2020-08-04,35.24469268,-80.8317671,POINT(-80.8317671 35.24469268),848,10,0,0,37119,Mecklenburg,"Mecklenburg, North Carolina, US"
Arizona,US,2020-08-04,32.0971334,-111.7890033,POINT(-111.7890033 32.0971334),464,16,0,0,4019,Pima,"Pima, Arizona, US"
Washington,US,2020-08-04,47.03892768,-122.1405958,POINT(-122.1405958 47.03892768),795,16,0,0,53053,Pierce,"Pierce, Washington, US"
California,US,2020-08-04,33.70147516,-117.7645998,POINT(-117.7645998 33.70147516),1016,17,0,0,6059,Orange,"Orange, California, US"
Pennsylvania,US,2020-08-04,41.05934058,-75.34031025,POINT(-75.34031025 41.05934058),671,17,0,0,42089,Monroe,"Monroe, Pennsylvania, US"
Pennsylvania,US,2020-08-04,40.75182733,-75.30471829,POINT(-75.30471829 40.75182733),857,17,0,0,42095,Northampton,"Northampton, Pennsylvania, US"
Maryland,US,2020-08-04,38.83070039,-76.8496441,POINT(-76.8496441 38.83070039),1310,32,0,0,24033,Prince George's,"Prince George's, Maryland, US"
California,US,2020-08-04,33.74314981,-115.9933578,POINT(-115.9933578 33.74314981),1179,32,0,0,6065,Riverside,"Riverside, California, US"